{"train/loss":0.044602628627961334,"val/loss":0.04291536605783871,"test/loss":0.043878186494112015,"val/psnr":13.855305399213519,"val/ssim_pp":0.645703775542123,"_runtime":2230,"batch/train_loss":0.04538414627313614,"test/psnr_pp":13.53095006942749,"epoch":50,"test/ssim":0.7948148250579834,"val/ssim":0.8065971646990094,"_step":200,"test/psnr":13.792828559875488,"batch/color":0.034024517983198166,"test/ssim_pp":0.6617889106273651,"_timestamp":1.772707814198637e+09,"batch/illumination":0.0009325032588094473,"val/psnr_pp":13.562586103166852,"batch/exposure":0.008300804533064365,"val/examples":{"format":"png","count":4,"filenames":["media/images/val/examples_199_678e23ba9a35b11294a5.png","media/images/val/examples_199_6599a20a5ed722995d15.png","media/images/val/examples_199_6ab489d5912ceef220fc.png","media/images/val/examples_199_c5314a2c0771cd962d57.png"],"captions":["Low Light (Input)","Normal Light (Reference)","Enhanced (Output)","Enhanced + Post-Processed"],"_type":"images/separated","width":1034,"height":260},"batch/spatial":0.002114754170179367,"_wandb":{"runtime":2230}}